ShipCategory_ID,Code,Description,CapacityTEU,CapacityFEU,MinSpeed,MaxSpeed,DesignSpeed,Coeff_FuelIdle,Coeff_Alpha,Coeff_Beta,Coeff_FuelTravel,BunkerCapacity,CriticalBunkerLevel,TimeLoadUnLoadPerFullContainerTEU,TimeLoadUnLoadPerFullContainerFEU,Penalty_ZeroBunker,Remarks,IsActive,CreatedBy
1,CT900,Feeder_450 ,900,450,10,14,12,0.127659574,432.5,0.028,0.00001733,600,100,0.025,0,2000,,1,1
2,CT16H,Feeder_800 ,1600,800,10,17,14,0.105485232,609.3,0.0234,0.00000959,1000,100,0.025,0,2000,,1,1
3,CT24H,Panamax_1200 ,2400,1200,12,19,18,0.076190476,794,0.0205,0.00000766,1600,100,0.012,0,2000,,1,1
4,CT48H,Panamax_2400,4800,2400,12,22,16,0.092334495,1132.2,0.0169,0.00000796,3000,150,0.012,0,2000,,1,1
5,CT84H,Post_panamax,8400,4200,12,23,17,0.090024331,1482.2,0.0145,0.00000755,5000,200,0.011,0,2000,,1,1
6,CT15K,Super_panamax ,15000,7500,12,22,17,0.078802206,1801.3,0.0126,0.0000079,10000,400,0.008,0,2000,,1,1
